<!DOCTYPE hibernate-mapping PUBLIC 
    "-//Hibernate/Hibernate Mapping DTD 3.0//EN"
    "http://www.hibernate.org/dtd/hibernate-mapping-3.0.dtd">
  <hibernate-mapping>
	<class name = "com.fyp.beans.Attack_Info_Beans" table = "defence" schema = "finalyearproject">
		<id column="id" name="id"></id>
		<property name="name" column = "name"></property>
		<property name="java" column = "java"></property>
		<property name="php" column = "php"></property>
		<property name="python" column = "python"></property>
		<property name="dotnet" column = "dotnet"></property>
		
	</class>

</hibernate-mapping>