<!DOCTYPE hibernate-mapping PUBLIC 
    "-//Hibernate/Hibernate Mapping DTD 3.0//EN"
    "http://www.hibernate.org/dtd/hibernate-mapping-3.0.dtd">
<hibernate-mapping>
	<class name = "com.fyp.beans.Company_Login_Beans" table = "companyaccount" schema = "finalyearproject">
		<id column="id" name="id" >
			<generator class="increment"/>
		</id>
		<property name="cnic" column = "cnic"></property>
		<property name="password" column = "password"></property>
		<property name="email" column = "email"></property>
		
	</class>

</hibernate-mapping>