<!DOCTYPE hibernate-mapping PUBLIC 
    "-//Hibernate/Hibernate Mapping DTD 3.0//EN"
    "http://www.hibernate.org/dtd/hibernate-mapping-3.0.dtd">
<hibernate-mapping>
	<class name = "com.fyp.beans.Company_Registration_Beans" table = "companyaccount" schema = "finalyearproject">
		<id column="id" name="id" >
			<generator class="increment"/>
		</id>
		<property name="first_name" column = "fname"></property>
		<property name="cnic" column = "cnic"></property>
		<property name="qualification" column = "qualification"></property>
		<property name="purpose" column = "purpose"></property>
		<property name="address" column = "address"></property>
		<property name="hacking" column = "hackingexperience"></property>
		<property name="password" column = "password"></property>
		<property name="p_company" column = "current_position"></property>
		<property name="m_number" column = "mobile_number"></property>
		<property name="email_address" column = "email"></property>
		<property name="c_address" column = "company_address"></property>
		<property name="c_contact" column = "company_number"></property>
		
	</class>

</hibernate-mapping>