<!DOCTYPE hibernate-configuration PUBLIC
	"-//Hibernate/Hibernate Configuration DTD 4.0//EN"
	"http://hibernate.sourceforge.net/hibernate-configuration-3.0.dtd">
<hibernate-configuration>
	<session-factory>
		<property name="connection.driver_class">com.mysql.jdbc.Driver</property>
		<property name="hibernate.connection.url">jdbc:mysql://localhost/finalyearproject</property>
   		<property name="hibernate.connection.username">root</property>
 		<property name="hibernate.connection.password"></property>
 		<property name="hibernate.connection.pool_size">10</property>
 		
 		<property name="dialect">org.hibernate.dialect.MySQLDialect</property>
 		
 		<mapping resource="individualApi.hbm.xml"/>
 		<mapping resource="individualRegistration.hbm.xml"/>
 		<mapping resource="individualLogin.hbm.xml"/>
 		<mapping resource="companyApi.hbm.xml"/>
 		<mapping resource="comRegistration.hbm.xml"/>
 		<mapping resource="comLogin.hbm.xml"/>
 		<mapping resource="attackInfo.hbm.xml"/>
 		
		
	</session-factory>
</hibernate-configuration>