<!DOCTYPE hibernate-mapping PUBLIC 
    "-//Hibernate/Hibernate Mapping DTD 3.0//EN"
    "http://www.hibernate.org/dtd/hibernate-mapping-3.0.dtd">
 <hibernate-mapping>
	<class name = "com.fyp.beans.Individual_Login_Beans" table = "individualaccount" schema = "finalyearproject">
		<id column="id" name="id" >
			<generator class="increment"/>
		</id>
		<property name="nic" column = "cnic"></property>
		<property name="pass" column = "password"></property>
		<property name="m_number" column = "mobile"></property>
		<property name="email_address" column = "email"></property>
		
	</class>

</hibernate-mapping>