<!DOCTYPE hibernate-mapping PUBLIC 
    "-//Hibernate/Hibernate Mapping DTD 3.0//EN"
    "http://www.hibernate.org/dtd/hibernate-mapping-3.0.dtd">
 <hibernate-mapping>
	<class name = "com.fyp.beans.Individual_Registration_Beans" table = "individualaccount" schema = "finalyearproject">
		<id column="id" name="id" >
			<generator class="increment"/>
		</id>
		<property name="firstname" column = "firstname"></property>
		<property name="cnic" column = "cnic"></property>
		<property name="qualification" column = "qualification"></property>
		<property name="purpose" column = "purpose"></property>
		<property name="address" column = "address"></property>
		<property name="hackingexperience" column = "hackingexperience"></property>
		<property name="password" column = "password"></property>
		<property name="studyValue" column = "current_edu"></property>
		<property name="mobile" column = "mobile"></property>
		<property name="email" column = "email"></property>
		
	</class>

</hibernate-mapping>