
<struts-config>

<form-beans>

<form-bean name="IR" type="com.fyp.individual_registration.FrontEndController"/>
<form-bean name="CR" type="com.fyp.company_registration.FrontEndController"/>
<form-bean name="CL" type="com.fyp.company_login.FrontEndController"/>
<form-bean name="IL" type="com.fyp.individual_login.FrontEndController"/>


</form-beans>



<action-mappings>

<action path="/ind_reg" name="IR" input="/signup.jsp" type="com.fyp.individual_registration.BackEndController">
<forward name="success" path="/index.jsp"/>
</action>

<action path="/com_reg" name="CR" input="/signup.jsp" type="com.fyp.company_registration.BackEndController">
<forward name="success" path="/index.jsp"/>
</action>

<action path="/com_log" name="CL" input="/login.jsp" type="com.fyp.company_login.BackEndController">
<forward name="success" path="/result.jsp"/>
<forward name="failuare" path="/login.jsp"/>
</action>

<action path="/ind_log" name="IL" input="/login.jsp" type="com.fyp.individual_login.BackEndController">
<forward name="success" path="/result.jsp"/>
<forward name="failuare" path="/login.jsp"/>
</action>

</action-mappings>

<message-resources parameter="com.fyp.individual_registration/messages"/>




</struts-config>